{
  "model_type": "RandomForest",
  "n_estimators": 100,
  "feature_names": [
    "age",
    "sex",
    "cp",
    "trestbps",
    "chol",
    "fbs",
    "restecg",
    "thalach",
    "exang",
    "oldpeak",
    "slope",
    "ca",
    "thal"
  ],
  "feature_importance": {
    "age": 0.07957418735815168,
    "sex": 0.023222536224710207,
    "cp": 0.15663554060242793,
    "trestbps": 0.06831413860072681,
    "chol": 0.07525403421296106,
    "fbs": 0.007048780901430277,
    "restecg": 0.022464741210584296,
    "thalach": 0.11524451747893734,
    "exang": 0.039497121174911,
    "oldpeak": 0.11300327609722821,
    "slope": 0.05170083468922494,
    "ca": 0.10917247623757433,
    "thal": 0.13886781521113206
  },
  "scaler_mean": [
    54.77215189873418,
    0.6751054852320675,
    3.1856540084388185,
    132.27004219409284,
    249.40928270042195,
    0.16877637130801687,
    0.9831223628691983,
    149.8438818565401,
    0.3459915611814346,
    1.0616033755274261,
    1.5864978902953586,
    0.679324894514768,
    4.805907172995781
  ],
  "scaler_scale": [
    9.013280450715815,
    0.46833542364596153,
    0.9542956923697674,
    17.878011067930768,
    53.05006391061259,
    0.3745542788383485,
    0.9935073817122748,
    22.350225706927414,
    0.4756904463752327,
    1.17710327190575,
    0.6144421958336403,
    0.9177772910935037,
    1.9390194245896273
  ],
  "test_accuracy": 0.8666666666666667,
  "training_samples": 237,
  "test_samples": 60,
  "dataset": "UCI Heart Disease Dataset",
  "total_samples": 297
}